[{
	"Title": "Avatar",
	"Year": "2009",
	"Rated": "PG-13",
	"Released": "18 Dec 2009",
	"Runtime": "162 min",
	"Genre": "Action, Adventure, Fantasy",
	"Director": "James Cameron",
	"Writer": "James Cameron",
	"Actors": "Sam Worthington, Zoe Saldana, Sigourney Weaver, Stephen Lang",
	"Plot": "When his brother is killed in a robbery, paraplegic Marine Jake Sully decides to take his place in a mission on the distant world of Pandora. There he learns of greedy corporate figurehead Parker Selfridge's intentions of driving off the native humanoid \"Na'vi\" in order to mine for the precious material scattered throughout their rich woodland. In exchange for the spinal surgery that will fix his legs, Jake gathers intel for the cooperating military unit spearheaded by gung-ho Colonel Quaritch, while simultaneously attempting to infiltrate the Na'vi people with the use of an \"avatar\" identity. While Jake begins to bond with the native tribe and quickly falls in love with the beautiful alien Neytiri, the restless Colonel moves forward with his ruthless extermination tactics, forcing the soldier to take a stand - and fight back in an epic battle for the fate of Pandora.",
	"Language": "English, Spanish",
	"Country": "UK, USA",
	"Awards": "Won 3 Oscars. Another 85 wins & 128 nominations.",
	"Poster": "https://images-na.ssl-images-amazon.com/images/M/MV5BMTYwOTEwNjAzMl5BMl5BanBnXkFtZTcwODc5MTUwMw@@._V1_SX300.jpg",
	"Ratings": [{
		"Source": "Internet Movie Database",
		"Value": "7.8/10"
	}, {
		"Source": "Rotten Tomatoes",
		"Value": "83%"
	}, {
		"Source": "Metacritic",
		"Value": "83/100"
	}],
	"Metascore": "83",
	"imdbRating": "7.8",
	"imdbVotes": "967,488",
	"imdbID": "tt0499549",
	"Type": "movie",
	"DVD": "22 Apr 2010",
	"BoxOffice": "$749,700,000",
	"Production": "20th Century Fox",
	"Website": "http://www.avatarmovie.com/",
	"Response": "True"
}, {
	"Title": "Interstellar",
	"Year": "2014",
	"Rated": "PG-13",
	"Released": "07 Nov 2014",
	"Runtime": "169 min",
	"Genre": "Adventure, Drama, Sci-Fi",
	"Director": "Christopher Nolan",
	"Writer": "Jonathan Nolan, Christopher Nolan",
	"Actors": "Ellen Burstyn, Matthew McConaughey, Mackenzie Foy, John Lithgow",
	"Plot": "Earth's future has been riddled by disasters, famines, and droughts. There is only one way to ensure mankind's survival: Interstellar travel. A newly discovered wormhole in the far reaches of our solar system allows a team of astronauts to go where no man has gone before, a planet that may have the right environment to sustain human life.",
	"Language": "English",
	"Country": "USA, UK, Canada, Iceland",
	"Awards": "Won 1 Oscar. Another 43 wins & 143 nominations.",
	"Poster": "https://images-na.ssl-images-amazon.com/images/M/MV5BZjdkOTU3MDktN2IxOS00OGEyLWFmMjktY2FiMmZkNWIyODZiXkEyXkFqcGdeQXVyMTMxODk2OTU@._V1_SX300.jpg",
	"Ratings": [{
		"Source": "Internet Movie Database",
		"Value": "8.6/10"
	}, {
		"Source": "Rotten Tomatoes",
		"Value": "71%"
	}, {
		"Source": "Metacritic",
		"Value": "74/100"
	}],
	"Metascore": "74",
	"imdbRating": "8.6",
	"imdbVotes": "1,123,383",
	"imdbID": "tt0816692",
	"Type": "movie",
	"DVD": "31 Mar 2015",
	"BoxOffice": "$158,737,441",
	"Production": "Paramount Pictures",
	"Website": "http://www.InterstellarMovie.com/",
	"Response": "True"
}]